[{"id":"0c9e76d5-5606-4a6a-9429-f00c1a57b6a3","title":"iPhone X for sale","sellerEmail":"john.doe@example.com","price":749.99},{"id":"f65a5a09-2898-478f-aa16-ee0e2d11d5e2","title":"Gaming Laptop - ASUS ROG Strix","sellerEmail":"jane.smith@example.com","price":1899.5},{"id":"d2c14ab7-d1b4-481d-b4cb-15897c0b7ac6","title":"Mountain Bike - Specialized Rockhopper","sellerEmail":"robert.johnson@example.com","price":699},{"id":"8a1e3e29-c051-447e-9ed6-5e4e1ec30b54","title":"Smart TV - Samsung 55' 4K","sellerEmail":"emily.williams@example.com","price":899.99},{"id":"3cced6d0-8101-42ad-b902-06504c470d64","title":"Digital Camera - Canon EOS Rebel T7","sellerEmail":"michael.brown@example.com","price":449.75},{"id":"c8c19a86-8c9f-4b42-ba38-3a7240efdc17","title":"Electric Guitar - Fender Stratocaster","sellerEmail":"jennifer.jones@example.com","price":799},{"id":"a01f8ba0-0328-4563-8cf8-4d6fd601a8ae","title":"Dining Table Set - Solid Wood","sellerEmail":"william.davis@example.com","price":999.25},{"id":"99b7d495-3ba7-4c4b-9444-3b432e6df32b","title":"Laptop - MacBook Air 13'","sellerEmail":"olivia.miller@example.com","price":1099},{"id":"2d858a1f-1437-4f85-b84d-bbe8fc2285b5","title":"Road Bike - Cannondale Synapse","sellerEmail":"ethan.wilson@example.com","price":1499.5},{"id":"a8e5d85b-8a84-4f5d-b0df-500b8dfb5856","title":"Digital Piano - Yamaha P-45","sellerEmail":"emma.moore@example.com","price":549},{"id":"fbde414b-fa22-42d2-a9d0-d5d26cc9cc99","title":"Desk Chair - Ergonomic Office Chair","sellerEmail":"david.taylor@example.com","price":129.99},{"id":"c9c36d21-1b95-4136-8098-f435bda4e5ec","title":"PlayStation 5","sellerEmail":"sophia.anderson@example.com","price":499},{"id":"7571f161-ba6c-4d11-b9fd-157f077c9735","title":"Hoverboard - Segway Ninebot S","sellerEmail":"james.thomas@example.com","price":299.5},{"id":"bc6974f5-612f-4545-b3d7-f20985b5ed6b","title":"Digital Camera - Sony Alpha A7 III","sellerEmail":"ava.jackson@example.com","price":1799},{"id":"3d76b2f6-7dc7-48d7-af50-aa4d18f422c3","title":"Smart Watch - Apple Watch Series 6","sellerEmail":"noah.white@example.com","price":399},{"id":"547c25c2-c8eb-4ed1-88f0-871ca9375b0f","title":"Furniture Set - Living Room Sofa","sellerEmail":"isabella.harris@example.com","price":1499.99},{"id":"689ab60d-0c3f-4cf5-b3e2-7ee9d7a2790a","title":"Wireless Headphones - Bose QuietComfort 35 II","sellerEmail":"logan.martin@example.com","price":299},{"id":"2a34b7a7-0891-4aae-9c77-517dbcb69350","title":"Tablet - iPad Pro 12.9' (4th Gen)","sellerEmail":"mia.thompson@example.com","price":1099},{"id":"66f72608-aa5e-4462-bcd9-e4ef5e1d7fe8","title":"Wireless Speaker - Sonos Move","sellerEmail":"alexander.garcia@example.com","price":399.5},{"id":"c7707fd3-bb9b-4aa3-b1cb-0d102d04a481","title":"Coffee Maker - Keurig K-Elite","sellerEmail":"samantha.martinez@example.com","price":129.75},{"id":"08765185-68cc-444e-9a08-d453f64b47bb","title":"Electric Scooter - Xiaomi Mi M365","sellerEmail":"christopher.robinson@example.com","price":399},{"id":"c224d876-8fe5-4777-bb3c-33eefeb28042","title":"Fitness Tracker - Fitbit Charge 4","sellerEmail":"madison.hall@example.com","price":149.99},{"id":"f1d90e15-6b6a-4c7f-bc98-10c9d0a13091","title":"Drone - DJI Mavic Air 2","sellerEmail":"jacob.roberts@example.com","price":799},{"id":"0f7deac1-6db7-4fe8-9e58-36c1b0365fd1","title":"Portable Monitor - ASUS ZenScreen","sellerEmail":"victoria.johnson@example.com","price":249.5},{"id":"14b83a22-8c76-41fc-9937-6953d0e168e1","title":"Digital SLR Camera - Nikon D750","sellerEmail":"ethan.wright@example.com","price":1499},{"id":"61228723-8b88-456a-9715-c345c9bfdeac","title":"Smart Thermostat - Nest Learning Thermostat","sellerEmail":"olivia.thomas@example.com","price":249.99},{"id":"68fcf0a3-1410-4db1-a2ad-5d8e036f8e80","title":"Bluetooth Speaker - JBL Flip 5","sellerEmail":"liam.lewis@example.com","price":119},{"id":"dd0c352c-1966-4956-8c4d-b3a5053a83d8","title":"Desktop Computer - HP Pavilion","sellerEmail":"emily.hill@example.com","price":699},{"id":"b7e9b10c-9021-4133-9258-7b87f12cf6bf","title":"Wireless Earbuds - Apple AirPods Pro","sellerEmail":"daniel.lee@example.com","price":249},{"id":"8b7c54ec-36e5-4c8d-b874-4b16148bce41","title":"Camping Tent - Coleman Sundome","sellerEmail":"amelia.young@example.com","price":89.99},{"id":"d9c76b68-b17e-4e89-b754-cb1e4ecfe828","title":"Monitor - Dell Ultrasharp 27'","sellerEmail":"matthew.scott@example.com","price":399.5},{"id":"a88d5a58-559a-41d4-a68f-11982e62fd6b","title":"Fitness Equipment - Bowflex SelectTech 552 Dumbbells","sellerEmail":"emily.clark@example.com","price":349.99},{"id":"2cbdb4ab-9c11-4478-9645-e5ee5b6ff35d","title":"Electric Toothbrush - Oral-B Pro 1000","sellerEmail":"jacob.hall@example.com","price":49.75},{"id":"d33108b3-61de-4b2c-a8b9-60e7ef8af5a0","title":"Action Camera - GoPro Hero 9 Black","sellerEmail":"ava.allen@example.com","price":349},{"id":"ec31e865-f7ae-4c24-9dcd-3d46dbad76de","title":"Portable Projector - Anker Nebula Capsule II","sellerEmail":"william.lewis@example.com","price":579.5},{"id":"8977f5c2-1f53-41e7-82cc-e146ed124c45","title":"Robot Vacuum - iRobot Roomba 960","sellerEmail":"mia.adams@example.com","price":499},{"id":"33b2ad03-31a1-43d3-a6a2-6bfe18ba2c56","title":"Wireless Router - ASUS RT-AX88U","sellerEmail":"daniel.rogers@example.com","price":349.99},{"id":"178f9a51-5ecf-47a1-8349-c5882b3c7f0e","title":"Portable Blender - NutriBullet Pro","sellerEmail":"olivia.morris@example.com","price":79.99},{"id":"b35f39b7-72e2-4be3-9374-225e3e736a13","title":"E-book Reader - Kindle Paperwhite","sellerEmail":"jacob.wright@example.com","price":129},{"id":"b224b06c-fdf3-41b4-b2f2-76e8600b6751","title":"Bluetooth Headphones - Sony WH-1000XM4","sellerEmail":"amelia.martin@example.com","price":349},{"id":"c1e1ef6f-2c2f-4b81-82df-fd0f43a81d0e","title":"Car GPS Navigation - Garmin DriveSmart 61","sellerEmail":"liam.anderson@example.com","price":249.75},{"id":"190fd46b-2e42-4e56-92f0-2e5476285d6c","title":"Electric Toothbrush - Philips Sonicare DiamondClean","sellerEmail":"ava.white@example.com","price":199},{"id":"3f5b5ee3-1730-4741-9ed1-ae8d41b8cabb","title":"Wireless Mouse - Logitech MX Master 3","sellerEmail":"daniel.thompson@example.com","price":99.5},{"id":"4e3e9dc9-b06c-4d69-bd02-1e9c3d73a61e","title":"Digital Camera - Fujifilm X-T4","sellerEmail":"olivia.roberts@example.com","price":1799},{"id":"2b7707da-8fe4-49ed-9d6c-0b3c4be0ad29","title":"External Hard Drive - WD My Passport","sellerEmail":"noah.bell@example.com","price":79.99},{"id":"cfe3eecd-5143-4e30-92ab-e4e94715ad43","title":"Wireless Keyboard - Logitech K780","sellerEmail":"ava.murphy@example.com","price":69},{"id":"da3e4e88-4a50-4633-8998-eac943f0848b","title":"Smart Scale - Withings Body+","sellerEmail":"william.jones@example.com","price":79.99},{"id":"254e54a2-d1c2-4aeb-b96b-f0d87a5a3a6d","title":"Wireless Charger - Anker PowerWave Pad","sellerEmail":"michael.lewis@example.com","price":29.99},{"id":"2cfe4f82-4528-42e2-ae12-7b1f8d2a0a0b","title":"Wireless Gaming Mouse - Razer Basilisk Ultimate","sellerEmail":"olivia.wilson@example.com","price":149},{"id":"2ae8f578-6010-4f78-96fb-91e7a56813cb","title":"Fitness Tracker - Garmin Vivosmart 4","sellerEmail":"michael.johnson@example.com","price":129.5},{"id":593316,"title":"TEST IN ","price":749.99,"sellerEmail":"email@email.com"}]